"","Name","Protein_Classification","as.character(comp)"
"337","Cytochrome P450 17A1","Oxidoreductases|Lyases","Abiraterone"
"339","Cytochrome P450 17A1","Oxidoreductases|Lyases","Abiraterone"
"493","Carbonic anhydrase VB","Lyases","Acetazolamide"
"495","Carbonic anhydrase IX","Lyases","Acetazolamide"
"690","Carbonic anhydrase I","Lyases","Acetazolamide"
"736","Carbonic anhydrase I","Lyases","Acetazolamide"
"770","Carbonic anhydrase II","Lyases","Acetazolamide"
"1217","Carbonic anhydrase XII","Lyases","Acetazolamide"
"1232","Carbonic anhydrase XIII","Lyases","Acetazolamide"
"1448","Carbonic anhydrase IV","Lyases","Acetazolamide"
"1600","Carbonic anhydrase VA","Lyases","Acetazolamide"
"1865","Carbonic anhydrase II","Lyases","Acetazolamide"
"1882","Carbonic anhydrase IX","Lyases","Acetazolamide"
"1910","Carbonic anhydrase XIV","Lyases","Acetazolamide"
"3084","Carbonic anhydrase I","Lyases","Acetazolamide"
"3108","Carbonic anhydrase VI","Lyases","Acetazolamide"
"3235","Carbonic anhydrase VB","Lyases","Acetazolamide"
"3381","Carbonic anhydrase II","Lyases","Acetazolamide"
"3581","Carbonic anhydrase IV","Lyases","Acetazolamide"
"3661","Carbonic anhydrase XII","Lyases","Acetazolamide"
"3704","Carbonic anhydrase IX","Lyases","Acetazolamide"
"3895","Carbonic anhydrase XII","Lyases","Acetazolamide"
"573","Muscarinic acetylcholine receptor M1","GPCR","Aclidinium"
"1538","Muscarinic acetylcholine receptor M2","GPCR","Aclidinium"
"1604","Muscarinic acetylcholine receptor M1","GPCR","Aclidinium"
"1805","Muscarinic acetylcholine receptor M1","GPCR","Aclidinium"
"1981","Muscarinic acetylcholine receptor M3","GPCR","Aclidinium"
"2664","Muscarinic acetylcholine receptor M3","GPCR","Aclidinium"
"3502","Muscarinic acetylcholine receptor M2","GPCR","Aclidinium"
"3616","Muscarinic acetylcholine receptor M3","GPCR","Aclidinium"
"3700","Muscarinic acetylcholine receptor M2","GPCR","Aclidinium"
"593","Purine nucleoside phosphorylase","Transferases","Acyclovir"
"724","Purine nucleoside phosphorylase","Transferases","Acyclovir"
"984","Retinoic acid receptor gamma","NHR","Adapalene"
"1639","Retinoic acid receptor beta","NHR","Adapalene"
"2620","Retinoic acid receptor beta","NHR","Adapalene"
"3256","Retinoic acid receptor beta","NHR","Adapalene"
"3853","Retinoic acid receptor gamma","NHR","Adapalene"
"34","Adenosine A3 receptor","N/A","Adenosine"
"457","Adenosine kinase","Kinase","Adenosine"
"525","Adenosine A1 receptor","GPCR","Adenosine"
"1594","Adenosine A2a receptor","GPCR","Adenosine"
"2565","Adenosine A1 receptor","GPCR","Adenosine"
"2648","Adenosine A2a receptor","GPCR","Adenosine"
"2675","Adenosine A3 receptor","N/A","Adenosine"
"3152","Adenosylhomocysteinase","Hydrolases","Adenosine"
"3171","Adenosine A2b receptor","GPCR","Adenosine"
"3173","Adenosine kinase","Kinase","Adenosine"
"3417","Adenosine A3 receptor","N/A","Adenosine"
"3445","Adenosine A1 receptor","GPCR","Adenosine"
"3753","Adenosylhomocysteinase","Hydrolases","Adenosine"
"5251","Adenosine A1 receptor","GPCR","Adenosine_monophosphate"
"26751","Adenosine A3 receptor","N/A","Adenosine_monophosphate"
"3273","P2X purinoceptor 1","Ion_Channel","Adenosine_monophosphate"
"34451","Adenosine A1 receptor","GPCR","Adenosine_monophosphate"
"842","P2X purinoceptor 3","Ion_Channel","Adenosine_triphosphate"
"2059","Purinergic receptor P2Y2","GPCR","Adenosine_triphosphate"
"2226","Purinergic receptor P2Y1","GPCR","Adenosine_triphosphate"
"2609","P2X purinoceptor 3","Ion_Channel","Adenosine_triphosphate"
"2780","Purinergic receptor P2Y2","GPCR","Adenosine_triphosphate"
"32731","P2X purinoceptor 1","Ion_Channel","Adenosine_triphosphate"
"3656","Purinergic receptor P2Y1","GPCR","Adenosine_triphosphate"
"635","Epidermal growth factor receptor erbB1","Kinase","Afatinib"
"714","Receptor protein-tyrosine kinase erbB-2","Kinase","Afatinib"
"961","Receptor protein-tyrosine kinase erbB-4","Kinase","Afatinib"
"1620","Receptor tyrosine-protein kinase erbB-3","Kinase","Afatinib"
"1746","Receptor protein-tyrosine kinase erbB-4","Kinase","Afatinib"
"1976","Receptor protein-tyrosine kinase erbB-2","Kinase","Afatinib"
"2455","Receptor tyrosine-protein kinase erbB-3","Kinase","Afatinib"
"3184","Receptor protein-tyrosine kinase erbB-4","Kinase","Afatinib"
"3299","Receptor tyrosine-protein kinase erbB-3","Kinase","Afatinib"
"3730","Epidermal growth factor receptor erbB1","Kinase","Afatinib"
"3810","Receptor protein-tyrosine kinase erbB-2","Kinase","Afatinib"
"4040","Epidermal growth factor receptor erbB1","Kinase","Afatinib"
"291","Melatonin receptor 1A","GPCR","Agomelatine"
"1370","Quinone reductase 2","Oxidoreductases","Agomelatine"
"1767","Melatonin receptor 1A","GPCR","Agomelatine"
"2167","Quinone reductase 2","Oxidoreductases","Agomelatine"
"2237","Melatonin receptor 1A","GPCR","Agomelatine"
"3002","Melatonin receptor 1B","GPCR","Agomelatine"
"3488","Melatonin receptor 1B","GPCR","Agomelatine"
"3821","Melatonin receptor 1B","GPCR","Agomelatine"
"3190","Farnesyl diphosphate synthase","Transferases","Alendronate"
"766","Vitamin D receptor","NHR","Alfacalcidol"
"1099","Vitamin D receptor","NHR","Alfacalcidol"
"2655","Vitamin D receptor","NHR","Alfacalcidol"
"1035","Renin","Protease","Aliskiren"
"2476","Renin","Protease","Aliskiren"
"2615","Renin","Protease","Aliskiren"
"141","Serotonin 1d (5-HT1d) receptor","GPCR","Almotriptan"
"1346","Serotonin 1b (5-HT1b) receptor","GPCR","Almotriptan"
"1826","Dipeptidyl peptidase IV","Protease","Alogliptin"
"3112","Dipeptidyl peptidase IV","Protease","Alogliptin"
"3837","Dipeptidyl peptidase IV","Protease","Alogliptin"
"2612","GABA receptor alpha-2 subunit","Ion_Channel","Alprazolam"
"2066","Beta-1 adrenergic receptor","GPCR","Alprenolol"
"3680","Beta-1 adrenergic receptor","GPCR","Alprenolol"
"346","Mu opioid receptor","GPCR","Alvimopan"
"830","Kappa opioid receptor","GPCR","Alvimopan"
"1295","Mu opioid receptor","GPCR","Alvimopan"
"2131","Mu opioid receptor","GPCR","Alvimopan"
"2402","Delta opioid receptor","GPCR","Alvimopan"
"3039","Delta opioid receptor","GPCR","Alvimopan"
"3191","Delta opioid receptor","GPCR","Alvimopan"
"3717","Kappa opioid receptor","GPCR","Alvimopan"
"2164","Histamine H1 receptor","GPCR","Amitriptyline"
"1831","Cytochrome P450 19A1","Oxidoreductases","Anastrozole"
"564","Coagulation factor X","Protease","Apixaban"
"2112","Coagulation factor X","Protease","Apixaban"
"2841","Coagulation factor X","Protease","Apixaban"
"200","Dopamine D1 receptor","GPCR","Apomorphine"
"388","Dopamine D2 receptor","GPCR","Apomorphine"
"1749","Dopamine D1 receptor","GPCR","Apomorphine"
"2991","Dopamine D2 receptor","GPCR","Apomorphine"
"3524","Dopamine D2 receptor","GPCR","Apomorphine"
"471","Neurokinin 1 receptor","GPCR","Aprepitant"
"824","Neurokinin 1 receptor","GPCR","Aprepitant"
"1259","Neurokinin 1 receptor","GPCR","Aprepitant"
"2698","Beta-2 adrenergic receptor","GPCR","Arformoterol"
"139","Serotonin 2a (5-HT2a) receptor","GPCR","Aripiprazole"
"163","Serotonin 1a (5-HT1a) receptor","GPCR","Aripiprazole"
"3881","Dopamine D2 receptor","GPCR","Aripiprazole"
"655","Dopamine D4 receptor","GPCR","Aripiprazole"
"816","Dopamine D4 receptor","GPCR","Aripiprazole"
"917","Serotonin 1a (5-HT1a) receptor","GPCR","Aripiprazole"
"943","Dopamine D3 receptor","GPCR","Aripiprazole"
"1310","Dopamine D3 receptor","GPCR","Aripiprazole"
"2670","Serotonin 2a (5-HT2a) receptor","GPCR","Aripiprazole"
"29911","Dopamine D2 receptor","GPCR","Aripiprazole"
"3383","Serotonin 2a (5-HT2a) receptor","GPCR","Aripiprazole"
"35241","Dopamine D2 receptor","GPCR","Aripiprazole"
"3631","Dopamine D4 receptor","GPCR","Aripiprazole"
"3871","Dopamine D3 receptor","GPCR","Aripiprazole"
"1745","Serotonin transporter","Transporter","Atomoxetine"
"1911","Norepinephrine transporter","Transporter","Atomoxetine"
"2421","Norepinephrine transporter","Transporter","Atomoxetine"
"1186","HMG-CoA reductase","Oxidoreductases","Atorvastatin"
"1929","HMG-CoA reductase","Oxidoreductases","Atorvastatin"
"2408","HMG-CoA reductase","Oxidoreductases","Atorvastatin"
"16041","Muscarinic acetylcholine receptor M1","GPCR","Atropine"
"19811","Muscarinic acetylcholine receptor M3","GPCR","Atropine"
"26641","Muscarinic acetylcholine receptor M3","GPCR","Atropine"
"35021","Muscarinic acetylcholine receptor M2","GPCR","Atropine"
"36161","Muscarinic acetylcholine receptor M3","GPCR","Atropine"
"37001","Muscarinic acetylcholine receptor M2","GPCR","Atropine"
"1570","Phosphodiesterase 5A","Hydrolases","Avanafil"
"904","Angiotensin-converting enzyme","Protease","Benazepril"
"2653","Angiotensin-converting enzyme","Protease","Benazepril"
"3035","Angiotensin-converting enzyme","Protease","Benazepril"
"19111","Norepinephrine transporter","Transporter","Benzatropine"
"35022","Muscarinic acetylcholine receptor M2","GPCR","Benzatropine"
"37002","Muscarinic acetylcholine receptor M2","GPCR","Benzatropine"
"410","Glucocorticoid receptor","NHR","Betamethasone"
"1335","Glucocorticoid receptor","NHR","Betamethasone"
"1361","Glucocorticoid receptor","NHR","Betamethasone"
"776","Retinoid X receptor gamma","NHR","Bexarotene"
"9841","Retinoic acid receptor gamma","NHR","Bexarotene"
"1262","Retinoid X receptor alpha","NHR","Bexarotene"
"1500","Retinoid X receptor alpha","NHR","Bexarotene"
"16391","Retinoic acid receptor beta","NHR","Bexarotene"
"1950","Retinoid X receptor beta","NHR","Bexarotene"
"26201","Retinoic acid receptor beta","NHR","Bexarotene"
"3120","Retinoid X receptor beta","NHR","Bexarotene"
"32561","Retinoic acid receptor beta","NHR","Bexarotene"
"3499","Retinoid X receptor alpha","NHR","Bexarotene"
"3677","Retinoid X receptor gamma","NHR","Bexarotene"
"38531","Retinoic acid receptor gamma","NHR","Bexarotene"
"18311","Cytochrome P450 19A1","Oxidoreductases","Bifonazole"
"2090","Cytochrome P450 17A1","Oxidoreductases|Lyases","Bifonazole"
"3314","Cytochrome P450 19A1","Oxidoreductases","Bifonazole"
"3720","Cytochrome P450 11B1","Oxidoreductases","Bifonazole"
"3722","Cytochrome P450 19A1","Oxidoreductases","Bifonazole"
"3813","Cytochrome P450 11B1","Oxidoreductases","Bifonazole"
"697","Endothelin receptor ET-A","GPCR","Bosentan"
"1270","Endothelin receptor ET-A","GPCR","Bosentan"
"1444","Endothelin receptor ET-B","GPCR","Bosentan"
"2163","Endothelin receptor ET-B","GPCR","Bosentan"
"2303","Endothelin receptor ET-B","GPCR","Bosentan"
"3298","Endothelin receptor ET-A","GPCR","Bosentan"
"6351","Epidermal growth factor receptor erbB1","Kinase","Bosutinib"
"1948","Tyrosine-protein kinase SRC","Kinase","Bosutinib"
"3217","Tyrosine-protein kinase SRC","Kinase","Bosutinib"
"3962","Tyrosine-protein kinase SRC","Kinase","Bosutinib"
"7701","Carbonic anhydrase II","Lyases","Brinzolamide"
"18651","Carbonic anhydrase II","Lyases","Brinzolamide"
"33811","Carbonic anhydrase II","Lyases","Brinzolamide"
"3461","Mu opioid receptor","GPCR","Buprenorphine"
"8301","Kappa opioid receptor","GPCR","Buprenorphine"
"12951","Mu opioid receptor","GPCR","Buprenorphine"
"1324","Kappa opioid receptor","GPCR","Buprenorphine"
"21311","Mu opioid receptor","GPCR","Buprenorphine"
"24021","Delta opioid receptor","GPCR","Buprenorphine"
"30391","Delta opioid receptor","GPCR","Buprenorphine"
"31911","Delta opioid receptor","GPCR","Buprenorphine"
"37171","Kappa opioid receptor","GPCR","Buprenorphine"
"3755","Nociceptin receptor","GPCR","Buprenorphine"
"4013","Nociceptin receptor","GPCR","Buprenorphine"
"251","Neuronal acetylcholine receptor subunit alpha-3","Ion_Channel","Bupropion"
"268","Neuronal acetylcholine receptor; alpha3/beta4","Ion_Channel","Bupropion"
"472","Acetylcholine receptor protein delta chain","Ion_Channel","Bupropion"
"837","Acetylcholine receptor; alpha1/beta1/delta/gamma","Ion_Channel","Bupropion"
"1177","Acetylcholine receptor; alpha1/beta1/delta/gamma","Ion_Channel","Bupropion"
"1260","Acetylcholine receptor; alpha1/beta1/delta/gamma","Ion_Channel","Bupropion"
"1264","Neuronal acetylcholine receptor protein beta-2 subunit","Ion_Channel","Bupropion"
"1313","Neuronal acetylcholine receptor; alpha3/beta4","Ion_Channel","Bupropion"
"1490","Acetylcholine receptor; alpha1/beta1/delta/gamma","Ion_Channel","Bupropion"
"19112","Norepinephrine transporter","Transporter","Bupropion"
"1958","Acetylcholine receptor; alpha1/beta1/delta/gamma","Ion_Channel","Bupropion"
"2058","Acetylcholine receptor; alpha1/beta1/delta/gamma","Ion_Channel","Bupropion"
"2069","Acetylcholine receptor; alpha1/beta1/delta/gamma","Ion_Channel","Bupropion"
"2375","Neuronal acetylcholine receptor subunit alpha-3","Ion_Channel","Bupropion"
"2488","Acetylcholine receptor protein delta chain","Ion_Channel","Bupropion"
"2651","Acetylcholine receptor protein delta chain","Ion_Channel","Bupropion"
"2877","Acetylcholine receptor; alpha1/beta1/delta/gamma","Ion_Channel","Bupropion"
"3127","Acetylcholine receptor; alpha1/beta1/delta/gamma","Ion_Channel","Bupropion"
"3617","Neuronal acetylcholine receptor; alpha3/beta4","Ion_Channel","Bupropion"
"3963","Dopamine transporter","Transporter","Bupropion"
"1631","Serotonin 1a (5-HT1a) receptor","GPCR","Buspirone"
"9171","Serotonin 1a (5-HT1a) receptor","GPCR","Buspirone"
"3462","Mu opioid receptor","GPCR","Butorphanol"
"8302","Kappa opioid receptor","GPCR","Butorphanol"
"12952","Mu opioid receptor","GPCR","Butorphanol"
"13241","Kappa opioid receptor","GPCR","Butorphanol"
"21312","Mu opioid receptor","GPCR","Butorphanol"
"24022","Delta opioid receptor","GPCR","Butorphanol"
"30392","Delta opioid receptor","GPCR","Butorphanol"
"31912","Delta opioid receptor","GPCR","Butorphanol"
"37172","Kappa opioid receptor","GPCR","Butorphanol"
"7661","Vitamin D receptor","NHR","Calcidiol"
"10991","Vitamin D receptor","NHR","Calcidiol"
"26551","Vitamin D receptor","NHR","Calcidiol"
"7662","Vitamin D receptor","NHR","Calcipotriol"
"10992","Vitamin D receptor","NHR","Calcipotriol"
"26552","Vitamin D receptor","NHR","Calcipotriol"
"7663","Vitamin D receptor","NHR","Calcitriol"
"10993","Vitamin D receptor","NHR","Calcitriol"
"26553","Vitamin D receptor","NHR","Calcitriol"
"202","Sodium/glucose cotransporter 2","Transporter","Canagliflozin"
"2755","Sodium/glucose cotransporter 2","Transporter","Canagliflozin"
"3917","Sodium/glucose cotransporter 2","Transporter","Canagliflozin"
"9041","Angiotensin-converting enzyme","Protease","Captopril"
"26531","Angiotensin-converting enzyme","Protease","Captopril"
"30351","Angiotensin-converting enzyme","Protease","Captopril"
"27","Oxytocin receptor","GPCR","Carbetocin"
"1465","Vasopressin V1a receptor","GPCR","Carbetocin"
"2729","Vasopressin V2 receptor","GPCR","Carbetocin"
"3079","Oxytocin receptor","GPCR","Carbetocin"
"3412","Vasopressin V2 receptor","GPCR","Carbetocin"
"3625","Oxytocin receptor","GPCR","Carbetocin"
"184","Proteasome subunit beta type-8","Protease","Carfilzomib"
"2215","Proteasome subunit beta type-8","Protease","Carfilzomib"
"793","Beta-1 adrenergic receptor","GPCR","Carteolol"
"36801","Beta-1 adrenergic receptor","GPCR","Carteolol"
"4951","Carbonic anhydrase IX","Lyases","Celecoxib"
"7702","Carbonic anhydrase II","Lyases","Celecoxib"
"1203","Cyclooxygenase-2","Oxidoreductases","Celecoxib"
"1771","Cyclooxygenase-2","Oxidoreductases","Celecoxib"
"3168","Cyclooxygenase-1","Oxidoreductases","Celecoxib"
"3384","Carbonic anhydrase VA","Lyases","Celecoxib"
"3506","Cyclooxygenase-2","Oxidoreductases","Celecoxib"
"37041","Carbonic anhydrase IX","Lyases","Celecoxib"
"3945","G-protein coupled bile acid receptor 1","GPCR","Chenodeoxycholic_acid"
"1824","Cytochrome P450 2D6","Oxidoreductases","Chlorpromazine"
"1984","Cytochrome P450 2D6","Oxidoreductases","Chlorpromazine"
"21641","Histamine H1 receptor","GPCR","Chlorpromazine"
"7664","Vitamin D receptor","NHR","Cholecalciferol"
"10994","Vitamin D receptor","NHR","Cholecalciferol"
"26554","Vitamin D receptor","NHR","Cholecalciferol"
"26532","Angiotensin-converting enzyme","Protease","Cilazapril"
"16042","Muscarinic acetylcholine receptor M1","GPCR","Clidinium"
"18051","Muscarinic acetylcholine receptor M1","GPCR","Clidinium"
"19812","Muscarinic acetylcholine receptor M3","GPCR","Clidinium"
"26642","Muscarinic acetylcholine receptor M3","GPCR","Clidinium"
"35023","Muscarinic acetylcholine receptor M2","GPCR","Clidinium"
"36162","Muscarinic acetylcholine receptor M3","GPCR","Clidinium"
"37003","Muscarinic acetylcholine receptor M2","GPCR","Clidinium"
"4101","Glucocorticoid receptor","NHR","Clobetasol"
"13611","Glucocorticoid receptor","NHR","Clobetasol"
"3766","3-beta-hydroxysteroid-delta(8),delta(7)-isomerase","Isomerases","Clomifene"
"17451","Serotonin transporter","Transporter","Clomipramine"
"21642","Histamine H1 receptor","GPCR","Clomipramine"
"549","Alpha-2a adrenergic receptor","GPCR","Clonidine"
"3349","Nischarin","Other","Clonidine"
"5731","Muscarinic acetylcholine receptor M1","GPCR","Clozapine"
"6551","Dopamine D4 receptor","GPCR","Clozapine"
"17491","Dopamine D1 receptor","GPCR","Clozapine"
"18052","Muscarinic acetylcholine receptor M1","GPCR","Clozapine"
"35242","Dopamine D2 receptor","GPCR","Clozapine"
"36311","Dopamine D4 receptor","GPCR","Clozapine"
"3463","Mu opioid receptor","GPCR","Codeine"
"12953","Mu opioid receptor","GPCR","Codeine"
"21313","Mu opioid receptor","GPCR","Codeine"
"30393","Delta opioid receptor","GPCR","Codeine"
"37173","Kappa opioid receptor","GPCR","Codeine"
"18241","Cytochrome P450 2D6","Oxidoreductases","Cyclizine"
"428","Tyrosine-protein kinase LCK","Kinase","Dasatinib"
"1451","Tyrosine-protein kinase LCK","Kinase","Dasatinib"
"2040","Tyrosine-protein kinase LCK","Kinase","Dasatinib"
"4102","Glucocorticoid receptor","NHR","Dexamethasone"
"13351","Glucocorticoid receptor","NHR","Dexamethasone"
"13612","Glucocorticoid receptor","NHR","Dexamethasone"
"3332","Alpha-1d adrenergic receptor","GPCR","Dexmedetomidine"
"3874","Alpha-1d adrenergic receptor","GPCR","Dexmedetomidine"
"687","Dopamine transporter","Transporter","Dexmethylphenidate"
"2517","Dopamine transporter","Transporter","Dexmethylphenidate"
"39631","Dopamine transporter","Transporter","Dexmethylphenidate"
"21314","Mu opioid receptor","GPCR","Dextromethorphan"
"1923","GABA receptor alpha-1 subunit","Ion_Channel","Diazepam"
"26121","GABA receptor alpha-2 subunit","Ion_Channel","Diazepam"
"2880","GABA receptor beta-3 subunit","Ion_Channel","Diazepam"
"3378","GABA receptor beta-3 subunit","Ion_Channel","Diazepam"
"7361","Carbonic anhydrase I","Lyases","Dichlorphenamide"
"7703","Carbonic anhydrase II","Lyases","Dichlorphenamide"
"14481","Carbonic anhydrase IV","Lyases","Dichlorphenamide"
"16001","Carbonic anhydrase VA","Lyases","Dichlorphenamide"
"18821","Carbonic anhydrase IX","Lyases","Dichlorphenamide"
"2567","Carbonic anhydrase VI","Lyases","Dichlorphenamide"
"31081","Carbonic anhydrase VI","Lyases","Dichlorphenamide"
"33812","Carbonic anhydrase II","Lyases","Dichlorphenamide"
"37042","Carbonic anhydrase IX","Lyases","Dichlorphenamide"
"3280","Interleukin-8","Other","Diclofenac"
"972","Quinone reductase 1)","Oxidoreductases","Dicumarol"
"1966","Quinone reductase 1)","Oxidoreductases","Dicumarol"
"2306","Quinone reductase 1)","Oxidoreductases","Dicumarol"
"1325","Estrogen receptor beta","NHR","Diethylstilbestrol"
"2179","Estrogen receptor beta","NHR","Diethylstilbestrol"
"2219","Estrogen receptor alpha","NHR","Diethylstilbestrol"
"2345","Estrogen receptor alpha","NHR","Diethylstilbestrol"
"2909","Estrogen receptor alpha","NHR","Diethylstilbestrol"
"21643","Histamine H1 receptor","GPCR","Dimethindene"
"2286","Histamine H1 receptor","GPCR","Dimethindene"
"3091","Histamine H1 receptor","GPCR","Dimethindene"
"591","Prostanoid FP receptor","GPCR","Dinoprost_Tromethamine"
"1797","Thromboxane A2 receptor","GPCR","Dinoprost_Tromethamine"
"2702","Prostanoid FP receptor","GPCR","Dinoprost_Tromethamine"
"158","Equilibrative nucleoside transporter 1","Transporter","Dipyridamole"
"1271","Equilibrative nucleoside transporter 1","Transporter","Dipyridamole"
"3081","Equilibrative nucleoside transporter 1","Transporter","Dipyridamole"
"781","Acetylcholinesterase","Lipase","Donepezil"
"848","Acetylcholinesterase","Lipase","Donepezil"
"1914","Acetylcholinesterase","Lipase","Donepezil"
"3172","Trace amine-associated receptor 1","GPCR","Dopamine"
"7704","Carbonic anhydrase II","Lyases","Dorzolamide"
"18652","Carbonic anhydrase II","Lyases","Dorzolamide"
"33813","Carbonic anhydrase II","Lyases","Dorzolamide"
"244","Cannabinoid CB2 receptor","GPCR","Dronabinol"
"301","Cannabinoid CB1 receptor","GPCR","Dronabinol"
"945","Cannabinoid CB1 receptor","GPCR","Dronabinol"
"2788","Cannabinoid CB1 receptor","GPCR","Dronabinol"
"3362","Cannabinoid CB2 receptor","GPCR","Dronabinol"
"3485","Cannabinoid CB2 receptor","GPCR","Dronabinol"
"17452","Serotonin transporter","Transporter","Duloxetine"
"19113","Norepinephrine transporter","Transporter","Duloxetine"
"818","Steroid 5-alpha-reductase 2","Oxidoreductases","Dutasteride"
"1504","Steroid 5-alpha-reductase 1","Oxidoreductases","Dutasteride"
"2480","Steroid 5-alpha-reductase 2","Oxidoreductases","Dutasteride"
"2662","Steroid 5-alpha-reductase 1","Oxidoreductases","Dutasteride"
"2761","Steroid 5-alpha-reductase 2","Oxidoreductases","Dutasteride"
"3852","Steroid 5-alpha-reductase 1","Oxidoreductases","Dutasteride"
"1411","Serotonin 1d (5-HT1d) receptor","GPCR","Eletriptan"
"986","Serotonin 1d (5-HT1d) receptor","GPCR","Eletriptan"
"13461","Serotonin 1b (5-HT1b) receptor","GPCR","Eletriptan"
"3222","Serotonin 1b (5-HT1b) receptor","GPCR","Eletriptan"
"9042","Angiotensin-converting enzyme","Protease","Enalapril"
"26533","Angiotensin-converting enzyme","Protease","Enalapril"
"30352","Angiotensin-converting enzyme","Protease","Enalapril"
"3832","Beta-2 adrenergic receptor","GPCR","Epinephrine"
"2923","Type-1 angiotensin II receptor","GPCR","Eprosartan"
"3285","Type-1 angiotensin II receptor","GPCR","Eprosartan"
"10995","Vitamin D receptor","NHR","Ergocalciferol"
"6352","Epidermal growth factor receptor erbB1","Kinase","Erlotinib"
"9611","Receptor protein-tyrosine kinase erbB-4","Kinase","Erlotinib"
"19761","Receptor protein-tyrosine kinase erbB-2","Kinase","Erlotinib"
"32991","Receptor tyrosine-protein kinase erbB-3","Kinase","Erlotinib"
"37301","Epidermal growth factor receptor erbB1","Kinase","Erlotinib"
"40401","Epidermal growth factor receptor erbB1","Kinase","Erlotinib"
"663","Estrogen receptor beta","NHR","Estradiol"
"906","Steryl-sulfatase","Hydrolases","Estradiol"
"13251","Estrogen receptor beta","NHR","Estradiol"
"21791","Estrogen receptor beta","NHR","Estradiol"
"23451","Estrogen receptor alpha","NHR","Estradiol"
"3760","Estradiol 17-beta-dehydrogenase 1","Oxidoreductases","Estradiol"
"6631","Estrogen receptor beta","NHR","Estriol"
"1053","Estradiol 17-beta-dehydrogenase 1","Oxidoreductases","Estrone"
"37221","Cytochrome P450 19A1","Oxidoreductases","Estrone"
"37601","Estradiol 17-beta-dehydrogenase 1","Oxidoreductases","Estrone"
"1118","Steryl-sulfatase","Hydrolases","Ethinyl_Estradiol"
"22191","Estrogen receptor alpha","NHR","Ethinyl_Estradiol"
"29091","Estrogen receptor alpha","NHR","Ethinyl_Estradiol"
"6901","Carbonic anhydrase I","Lyases","Ethoxzolamide"
"7362","Carbonic anhydrase I","Lyases","Ethoxzolamide"
"7705","Carbonic anhydrase II","Lyases","Ethoxzolamide"
"30841","Carbonic anhydrase I","Lyases","Ethoxzolamide"
"33814","Carbonic anhydrase II","Lyases","Ethoxzolamide"
"12031","Cyclooxygenase-2","Oxidoreductases","Etoricoxib"
"17711","Cyclooxygenase-2","Oxidoreductases","Etoricoxib"
"35061","Cyclooxygenase-2","Oxidoreductases","Etoricoxib"
"18312","Cytochrome P450 19A1","Oxidoreductases","Exemestane"
"33141","Cytochrome P450 19A1","Oxidoreductases","Exemestane"
"37222","Cytochrome P450 19A1","Oxidoreductases","Exemestane"
"17492","Dopamine D1 receptor","GPCR","Fenoldopam"
"2829","Dopamine D1 receptor","GPCR","Fenoldopam"
"26981","Beta-2 adrenergic receptor","GPCR","Fenoterol"
"38321","Beta-2 adrenergic receptor","GPCR","Fenoterol"
"12954","Mu opioid receptor","GPCR","Fentanyl"
"8181","Steroid 5-alpha-reductase 2","Oxidoreductases","Finasteride"
"15041","Steroid 5-alpha-reductase 1","Oxidoreductases","Finasteride"
"24801","Steroid 5-alpha-reductase 2","Oxidoreductases","Finasteride"
"26621","Steroid 5-alpha-reductase 1","Oxidoreductases","Finasteride"
"27611","Steroid 5-alpha-reductase 2","Oxidoreductases","Finasteride"
"38521","Steroid 5-alpha-reductase 1","Oxidoreductases","Finasteride"
"329","Sphingosine 1-phosphate receptor Edg-6","GPCR","Fingolimod"
"19231","GABA receptor alpha-1 subunit","Ion_Channel","Fludiazepam"
"26122","GABA receptor alpha-2 subunit","Ion_Channel","Fludiazepam"
"36","GABA receptor alpha-3 subunit","Ion_Channel","Flumazenil"
"385","GABA receptor alpha-4 subunit","Ion_Channel","Flumazenil"
"541","GABA-A receptor; anion channel","Ion_Channel","Flumazenil"
"689","GABA receptor alpha-6 subunit","Ion_Channel","Flumazenil"
"803","GABA receptor alpha-6 subunit","Ion_Channel","Flumazenil"
"827","GABA-A receptor; anion channel","Ion_Channel","Flumazenil"
"1145","GABA receptor alpha-2 subunit","Ion_Channel","Flumazenil"
"1294","GABA receptor alpha-5 subunit","Ion_Channel","Flumazenil"
"1835","GABA-A receptor; anion channel","Ion_Channel","Flumazenil"
"19232","GABA receptor alpha-1 subunit","Ion_Channel","Flumazenil"
"2056","GABA receptor alpha-3 subunit","Ion_Channel","Flumazenil"
"2490","GABA receptor alpha-5 subunit","Ion_Channel","Flumazenil"
"2593","GABA receptor beta-3 subunit","Ion_Channel","Flumazenil"
"26123","GABA receptor alpha-2 subunit","Ion_Channel","Flumazenil"
"2716","GABA receptor alpha-1 subunit","Ion_Channel","Flumazenil"
"2742","GABA receptor alpha-2 subunit","Ion_Channel","Flumazenil"
"28801","GABA receptor beta-3 subunit","Ion_Channel","Flumazenil"
"3199","GABA receptor beta-2 subunit","Ion_Channel","Flumazenil"
"33781","GABA receptor beta-3 subunit","Ion_Channel","Flumazenil"
"3699","GABA receptor alpha-3 subunit","Ion_Channel","Flumazenil"
"3982","GABA receptor alpha-1 subunit","Ion_Channel","Flumazenil"
"4021","GABA receptor beta-2 subunit","Ion_Channel","Flumazenil"
"4057","GABA receptor alpha-5 subunit","Ion_Channel","Flumazenil"
"33782","GABA receptor beta-3 subunit","Ion_Channel","Flunitrazepam"
"4103","Glucocorticoid receptor","NHR","Fluocinolone_Acetonide"
"13352","Glucocorticoid receptor","NHR","Fluocinolone_Acetonide"
"13613","Glucocorticoid receptor","NHR","Fluocinolone_Acetonide"
"204","Serotonin transporter","Transporter","Fluoxetine"
"829","Serotonin transporter","Transporter","Fluoxetine"
"19114","Norepinephrine transporter","Transporter","Fluoxetine"
"3425","Norepinephrine transporter","Transporter","Fluoxetine"
"12032","Cyclooxygenase-2","Oxidoreductases","Flurbiprofen"
"35062","Cyclooxygenase-2","Oxidoreductases","Flurbiprofen"
"37551","Nociceptin receptor","GPCR","Fluspirilene"
"40131","Nociceptin receptor","GPCR","Fluspirilene"
"11861","HMG-CoA reductase","Oxidoreductases","Fluvastatin"
"19291","HMG-CoA reductase","Oxidoreductases","Fluvastatin"
"24081","HMG-CoA reductase","Oxidoreductases","Fluvastatin"
"3482","Thymidylate synthase","Transferases","Folic_Acid"
"18313","Cytochrome P450 19A1","Oxidoreductases","Formestane"
"33142","Cytochrome P450 19A1","Oxidoreductases","Formestane"
"26982","Beta-2 adrenergic receptor","GPCR","Formoterol"
"7811","Acetylcholinesterase","Lipase","Galantamine"
"19141","Acetylcholinesterase","Lipase","Galantamine"
"2049","Peroxisome proliferator-activated receptor gamma","NHR","gamma.Homolinolenic_acid"
"2212","Peroxisome proliferator-activated receptor alpha","NHR","gamma.Homolinolenic_acid"
"5931","Purine nucleoside phosphorylase","Transferases","Ganciclovir"
"295","Ephrin type-B receptor 4","Kinase","Gefitinib"
"420","Ephrin type-B receptor 4","Kinase","Gefitinib"
"6353","Epidermal growth factor receptor erbB1","Kinase","Gefitinib"
"7141","Receptor protein-tyrosine kinase erbB-2","Kinase","Gefitinib"
"9612","Receptor protein-tyrosine kinase erbB-4","Kinase","Gefitinib"
"16201","Receptor tyrosine-protein kinase erbB-3","Kinase","Gefitinib"
"17461","Receptor protein-tyrosine kinase erbB-4","Kinase","Gefitinib"
"19762","Receptor protein-tyrosine kinase erbB-2","Kinase","Gefitinib"
"2232","Vascular endothelial growth factor receptor 2","Kinase","Gefitinib"
"2339","Tyrosine-protein kinase receptor RET","Kinase","Gefitinib"
"24551","Receptor tyrosine-protein kinase erbB-3","Kinase","Gefitinib"
"32992","Receptor tyrosine-protein kinase erbB-3","Kinase","Gefitinib"
"3411","Serine/threonine-protein kinase RIPK2","Kinase","Gefitinib"
"37302","Epidermal growth factor receptor erbB1","Kinase","Gefitinib"
"38101","Receptor protein-tyrosine kinase erbB-2","Kinase","Gefitinib"
"3838","Ephrin type-B receptor 4","Kinase","Gefitinib"
"39621","Tyrosine-protein kinase SRC","Kinase","Gefitinib"
"40402","Epidermal growth factor receptor erbB1","Kinase","Gefitinib"
"1400","Serotonin 3a (5-HT3a) receptor","Ion_Channel","Granisetron"
"1736","Serotonin 3a (5-HT3a) receptor","Ion_Channel","Granisetron"
"2128","Serotonin 3a (5-HT3a) receptor","Ion_Channel","Granisetron"
"1391","Serotonin 2a (5-HT2a) receptor","GPCR","Haloperidol"
"195","Sigma opioid receptor","Transporter","Haloperidol"
"3882","Dopamine D2 receptor","GPCR","Haloperidol"
"6552","Dopamine D4 receptor","GPCR","Haloperidol"
"8161","Dopamine D4 receptor","GPCR","Haloperidol"
"9431","Dopamine D3 receptor","GPCR","Haloperidol"
"22861","Histamine H1 receptor","GPCR","Haloperidol"
"29912","Dopamine D2 receptor","GPCR","Haloperidol"
"30911","Histamine H1 receptor","GPCR","Haloperidol"
"33831","Serotonin 2a (5-HT2a) receptor","GPCR","Haloperidol"
"3513","Sigma opioid receptor","Transporter","Haloperidol"
"35243","Dopamine D2 receptor","GPCR","Haloperidol"
"36312","Dopamine D4 receptor","GPCR","Haloperidol"
"38711","Dopamine D3 receptor","GPCR","Haloperidol"
"225","Cytochrome P450 1B1","Oxidoreductases","Hesperetin"
"7363","Carbonic anhydrase I","Lyases","Hydrochlorothiazide"
"8303","Kappa opioid receptor","GPCR","Hydrocodone"
"30394","Delta opioid receptor","GPCR","Hydrocodone"
"31913","Delta opioid receptor","GPCR","Hydrocodone"
"8304","Kappa opioid receptor","GPCR","Hydromorphone"
"24023","Delta opioid receptor","GPCR","Hydromorphone"
"30395","Delta opioid receptor","GPCR","Hydromorphone"
"31914","Delta opioid receptor","GPCR","Hydromorphone"
"37174","Kappa opioid receptor","GPCR","Hydromorphone"
"16043","Muscarinic acetylcholine receptor M1","GPCR","Hyoscyamine"
"19813","Muscarinic acetylcholine receptor M3","GPCR","Hyoscyamine"
"26643","Muscarinic acetylcholine receptor M3","GPCR","Hyoscyamine"
"35024","Muscarinic acetylcholine receptor M2","GPCR","Hyoscyamine"
"36163","Muscarinic acetylcholine receptor M3","GPCR","Hyoscyamine"
"37004","Muscarinic acetylcholine receptor M2","GPCR","Hyoscyamine"
"1658","Geranylgeranyl pyrophosphate synthetase","Transferases","Ibandronate"
"31901","Farnesyl diphosphate synthase","Transferases","Ibandronate"
"1044","Thymidine kinase, cytosolic","Kinase","Idoxuridine"
"164","Stem cell growth factor receptor","Kinase","Imatinib"
"425","Tyrosine-protein kinase Lyn","Kinase","Imatinib"
"602","Stem cell growth factor receptor","Kinase","Imatinib"
"1127","Platelet-derived growth factor receptor beta","Kinase","Imatinib"
"1165","Platelet-derived growth factor receptor alpha","Kinase","Imatinib"
"1236","Platelet-derived growth factor receptor beta","Kinase","Imatinib"
"1470","Breakpoint cluster region protein","Kinase","Imatinib"
"1608","Tyrosine-protein kinase Lyn","Kinase","Imatinib"
"1642","Tyrosine-protein kinase ABL","Kinase","Imatinib"
"1772","Breakpoint cluster region protein","Kinase","Imatinib"
"1899","Platelet-derived growth factor receptor beta","Kinase","Imatinib"
"2155","Discoidin domain-containing receptor 2","Kinase","Imatinib"
"2878","Stem cell growth factor receptor","Kinase","Imatinib"
"3418","Tyrosine-protein kinase ABL","Kinase","Imatinib"
"3713","Platelet-derived growth factor receptor alpha","Kinase","Imatinib"
"3961","Tyrosine-protein kinase ABL","Kinase","Imatinib"
"1392","Serotonin 2a (5-HT2a) receptor","GPCR","Imipramine"
"17453","Serotonin transporter","Transporter","Imipramine"
"21644","Histamine H1 receptor","GPCR","Imipramine"
"30912","Histamine H1 receptor","GPCR","Imipramine"
"252","Beta-2 adrenergic receptor","GPCR","Indacaterol"
"26983","Beta-2 adrenergic receptor","GPCR","Indacaterol"
"36802","Beta-1 adrenergic receptor","GPCR","Indacaterol"
"38322","Beta-2 adrenergic receptor","GPCR","Indacaterol"
"463","Aldo-keto-reductase family 1 member C3","Oxidoreductases","Indomethacin"
"12033","Cyclooxygenase-2","Oxidoreductases","Indomethacin"
"17712","Cyclooxygenase-2","Oxidoreductases","Indomethacin"
"35063","Cyclooxygenase-2","Oxidoreductases","Indomethacin"
"1514","Protein kinase C delta","Kinase","Ingenol_Mebutate"
"2558","Protein kinase C delta","Kinase","Ingenol_Mebutate"
"2041","Serotonin transporter","Transporter","Ioflupane_I_123"
"6871","Dopamine transporter","Transporter","Ioflupane_I_123"
"17454","Serotonin transporter","Transporter","Ioflupane_I_123"
"19115","Norepinephrine transporter","Transporter","Ioflupane_I_123"
"39632","Dopamine transporter","Transporter","Ioflupane_I_123"
"29231","Type-1 angiotensin II receptor","GPCR","Irbesartan"
"32851","Type-1 angiotensin II receptor","GPCR","Irbesartan"
"3429","Type-1 angiotensin II receptor","GPCR","Irbesartan"
"1580","Beta-3 adrenergic receptor","GPCR","Isoproterenol"
"26984","Beta-2 adrenergic receptor","GPCR","Isoproterenol"
"38323","Beta-2 adrenergic receptor","GPCR","Isoproterenol"
"6354","Epidermal growth factor receptor erbB1","Kinase","Lapatinib"
"7142","Receptor protein-tyrosine kinase erbB-2","Kinase","Lapatinib"
"19763","Receptor protein-tyrosine kinase erbB-2","Kinase","Lapatinib"
"37303","Epidermal growth factor receptor erbB1","Kinase","Lapatinib"
"38102","Receptor protein-tyrosine kinase erbB-2","Kinase","Lapatinib"
"40403","Epidermal growth factor receptor erbB1","Kinase","Lapatinib"
"18314","Cytochrome P450 19A1","Oxidoreductases","Letrozole"
"33143","Cytochrome P450 19A1","Oxidoreductases","Letrozole"
"37223","Cytochrome P450 19A1","Oxidoreductases","Letrozole"
"12955","Mu opioid receptor","GPCR","Levallorphan"
"21315","Mu opioid receptor","GPCR","Levallorphan"
"24024","Delta opioid receptor","GPCR","Levallorphan"
"30396","Delta opioid receptor","GPCR","Levallorphan"
"31915","Delta opioid receptor","GPCR","Levallorphan"
"36803","Beta-1 adrenergic receptor","GPCR","Levobunolol"
"8291","Serotonin transporter","Transporter","Levomilnacipran"
"17455","Serotonin transporter","Transporter","Levomilnacipran"
"19116","Norepinephrine transporter","Transporter","Levomilnacipran"
"24211","Norepinephrine transporter","Transporter","Levomilnacipran"
"34251","Norepinephrine transporter","Transporter","Levomilnacipran"
"39633","Dopamine transporter","Transporter","Levomilnacipran"
"3464","Mu opioid receptor","GPCR","Levorphanol"
"8305","Kappa opioid receptor","GPCR","Levorphanol"
"12956","Mu opioid receptor","GPCR","Levorphanol"
"13242","Kappa opioid receptor","GPCR","Levorphanol"
"21316","Mu opioid receptor","GPCR","Levorphanol"
"30397","Delta opioid receptor","GPCR","Levorphanol"
"31916","Delta opioid receptor","GPCR","Levorphanol"
"37175","Kappa opioid receptor","GPCR","Levorphanol"
"18261","Dipeptidyl peptidase IV","Protease","Linagliptin"
"31121","Dipeptidyl peptidase IV","Protease","Linagliptin"
"38371","Dipeptidyl peptidase IV","Protease","Linagliptin"
"1113","Thyroid hormone receptor alpha","NHR","Liothyronine"
"1796","Thyroid hormone receptor alpha","NHR","Liothyronine"
"1833","Thyroid hormone receptor beta-1","NHR","Liothyronine"
"1944","Thyroid hormone receptor beta-1","NHR","Liothyronine"
"2136","Proliferating cell nuclear antigen","Other","Liothyronine"
"2818","Thyroid hormone receptor alpha","NHR","Liothyronine"
"3940","Thyroid hormone receptor beta-1","NHR","Liothyronine"
"9043","Angiotensin-converting enzyme","Protease","Lisinopril"
"26534","Angiotensin-converting enzyme","Protease","Lisinopril"
"30353","Angiotensin-converting enzyme","Protease","Lisinopril"
"3465","Mu opioid receptor","GPCR","Loperamide"
"37552","Nociceptin receptor","GPCR","Loperamide"
"40132","Nociceptin receptor","GPCR","Loperamide"
"1995","Sodium-dependent neutral amino acid transporter B(0)AT2","Transporter","Loratadine"
"1351","Angiotensin II type 2 (AT-2) receptor","GPCR","Losartan"
"1847","Angiotensin II type 2 (AT-2) receptor","GPCR","Losartan"
"29232","Type-1 angiotensin II receptor","GPCR","Losartan"
"32852","Type-1 angiotensin II receptor","GPCR","Losartan"
"6553","Dopamine D4 receptor","GPCR","Loxapine"
"36313","Dopamine D4 receptor","GPCR","Loxapine"
"1405","C-C chemokine receptor type 5","GPCR","Maraviroc"
"3351","C-C chemokine receptor type 5","GPCR","Maraviroc"
"3554","C-C chemokine receptor type 5","GPCR","Maraviroc"
"138","Matrix metalloproteinase-1","Protease","Marimastat"
"181","Matrix metalloproteinase-1","Protease","Marimastat"
"538","Matrix metalloproteinase 3","Protease","Marimastat"
"1179","Matrix metalloproteinase-2","Protease","Marimastat"
"1413","Matrix metalloproteinase 9","Protease","Marimastat"
"1485","Matrix metalloproteinase-1","Protease","Marimastat"
"2201","Matrix metalloproteinase 3","Protease","Marimastat"
"2202","Matrix metalloproteinase-2","Protease","Marimastat"
"2566","Matrix metalloproteinase-2","Protease","Marimastat"
"2952","Matrix metalloproteinase 9","Protease","Marimastat"
"3709","Arachidonate 15-lipoxygenase","Oxidoreductases","Masoprocol"
"2042","Serotonin transporter","Transporter","Mazindol"
"6872","Dopamine transporter","Transporter","Mazindol"
"17456","Serotonin transporter","Transporter","Mazindol"
"19117","Norepinephrine transporter","Transporter","Mazindol"
"24212","Norepinephrine transporter","Transporter","Mazindol"
"25171","Dopamine transporter","Transporter","Mazindol"
"34252","Norepinephrine transporter","Transporter","Mazindol"
"39634","Dopamine transporter","Transporter","Mazindol"
"2911","Melatonin receptor 1A","GPCR","Melatonin"
"13701","Quinone reductase 2","Oxidoreductases","Melatonin"
"17671","Melatonin receptor 1A","GPCR","Melatonin"
"21671","Quinone reductase 2","Oxidoreductases","Melatonin"
"22371","Melatonin receptor 1A","GPCR","Melatonin"
"30021","Melatonin receptor 1B","GPCR","Melatonin"
"34881","Melatonin receptor 1B","GPCR","Melatonin"
"38211","Melatonin receptor 1B","GPCR","Melatonin"
"6902","Carbonic anhydrase I","Lyases","Methazolamide"
"7364","Carbonic anhydrase I","Lyases","Methazolamide"
"7706","Carbonic anhydrase II","Lyases","Methazolamide"
"18653","Carbonic anhydrase II","Lyases","Methazolamide"
"30842","Carbonic anhydrase I","Lyases","Methazolamide"
"33815","Carbonic anhydrase II","Lyases","Methazolamide"
"192","Dihydrofolate reductase","Oxidoreductases","Methotrexate"
"408","Dihydrofolate reductase","Oxidoreductases","Methotrexate"
"3100","Dihydrofolate reductase","Oxidoreductases","Methotrexate"
"6873","Dopamine transporter","Transporter","Methylphenidate"
"25172","Dopamine transporter","Transporter","Methylphenidate"
"39635","Dopamine transporter","Transporter","Methylphenidate"
"16044","Muscarinic acetylcholine receptor M1","GPCR","Methylscopolamine"
"20661","Beta-1 adrenergic receptor","GPCR","Metoprolol"
"36804","Beta-1 adrenergic receptor","GPCR","Metoprolol"
"4104","Glucocorticoid receptor","NHR","Mifepristone"
"13353","Glucocorticoid receptor","NHR","Mifepristone"
"13614","Glucocorticoid receptor","NHR","Mifepristone"
"1737","Progesterone receptor","NHR","Mifepristone"
"3477","Progesterone receptor","NHR","Mifepristone"
"3679","Progesterone receptor","NHR","Mifepristone"
"686","Maltase-glucoamylase","Hydrolases","Miglitol"
"739","Beta-glucocerebrosidase","Hydrolases","Miglitol"
"6861","Maltase-glucoamylase","Hydrolases","Miglustat"
"7391","Beta-glucocerebrosidase","Hydrolases","Miglustat"
"1888","Beta-glucosidase","Hydrolases","Miglustat"
"2621","Beta-glucosidase","Hydrolases","Miglustat"
"2765","Beta-glucosidase","Hydrolases","Miglustat"
"8292","Serotonin transporter","Transporter","Milnacipran"
"17457","Serotonin transporter","Transporter","Milnacipran"
"19118","Norepinephrine transporter","Transporter","Milnacipran"
"24213","Norepinephrine transporter","Transporter","Milnacipran"
"34253","Norepinephrine transporter","Transporter","Milnacipran"
"39636","Dopamine transporter","Transporter","Milnacipran"
"15801","Beta-3 adrenergic receptor","GPCR","Mirabegron"
"3757","Beta-3 adrenergic receptor","GPCR","Mirabegron"
"3763","Beta-3 adrenergic receptor","GPCR","Mirabegron"
"1532","Monoamine oxidase A","Oxidoreductases","Monobenzone"
"2569","Monoamine oxidase B","Oxidoreductases","Monobenzone"
"2639","Monoamine oxidase B","Oxidoreductases","Monobenzone"
"2746","Monoamine oxidase B","Oxidoreductases","Monobenzone"
"622","Cysteinyl leukotriene receptor 1","GPCR","Montelukast"
"1482","Cysteinyl leukotriene receptor 1","GPCR","Montelukast"
"3436","Cysteinyl leukotriene receptor 1","GPCR","Montelukast"
"3466","Mu opioid receptor","GPCR","Morphine"
"12957","Mu opioid receptor","GPCR","Morphine"
"21317","Mu opioid receptor","GPCR","Morphine"
"30398","Delta opioid receptor","GPCR","Morphine"
"37176","Kappa opioid receptor","GPCR","Morphine"
"1245","Inosine-5'-monophosphate dehydrogenase 2","Oxidoreductases","Mycophenolic_acid"
"1525","Inosine-5'-monophosphate dehydrogenase 2","Oxidoreductases","Mycophenolic_acid"
"2024","Inosine-5'-monophosphate dehydrogenase 1","Oxidoreductases","Mycophenolic_acid"
"2944","Inosine-5'-monophosphate dehydrogenase 2","Oxidoreductases","Mycophenolic_acid"
"3454","Inosine-5'-monophosphate dehydrogenase 1","Oxidoreductases","Mycophenolic_acid"
"2441","Cannabinoid CB2 receptor","GPCR","Nabilone"
"3011","Cannabinoid CB1 receptor","GPCR","Nabilone"
"33621","Cannabinoid CB2 receptor","GPCR","Nabilone"
"34851","Cannabinoid CB2 receptor","GPCR","Nabilone"
"3467","Mu opioid receptor","GPCR","Nalbuphine"
"8306","Kappa opioid receptor","GPCR","Nalbuphine"
"12958","Mu opioid receptor","GPCR","Nalbuphine"
"13243","Kappa opioid receptor","GPCR","Nalbuphine"
"21318","Mu opioid receptor","GPCR","Nalbuphine"
"30399","Delta opioid receptor","GPCR","Nalbuphine"
"31917","Delta opioid receptor","GPCR","Nalbuphine"
"37177","Kappa opioid receptor","GPCR","Nalbuphine"
"3468","Mu opioid receptor","GPCR","Naloxone"
"8307","Kappa opioid receptor","GPCR","Naloxone"
"12959","Mu opioid receptor","GPCR","Naloxone"
"13244","Kappa opioid receptor","GPCR","Naloxone"
"21319","Mu opioid receptor","GPCR","Naloxone"
"24025","Delta opioid receptor","GPCR","Naloxone"
"303910","Delta opioid receptor","GPCR","Naloxone"
"31918","Delta opioid receptor","GPCR","Naloxone"
"37178","Kappa opioid receptor","GPCR","Naloxone"
"3469","Mu opioid receptor","GPCR","Naltrexone"
"8308","Kappa opioid receptor","GPCR","Naltrexone"
"129510","Mu opioid receptor","GPCR","Naltrexone"
"13245","Kappa opioid receptor","GPCR","Naltrexone"
"213110","Mu opioid receptor","GPCR","Naltrexone"
"24026","Delta opioid receptor","GPCR","Naltrexone"
"303911","Delta opioid receptor","GPCR","Naltrexone"
"31919","Delta opioid receptor","GPCR","Naltrexone"
"37179","Kappa opioid receptor","GPCR","Naltrexone"
"1412","Serotonin 1d (5-HT1d) receptor","GPCR","Naratriptan"
"3159","Serotonin 1d (5-HT1d) receptor","GPCR","Naratriptan"
"7812","Acetylcholinesterase","Lipase","Neostigmine"
"1521","Voltage-gated L-type calcium channel alpha-1C subunit","Ion_Channel","Nifedipine"
"3181","Voltage-gated L-type calcium channel alpha-1C subunit","Ion_Channel","Nifedipine"
"14701","Breakpoint cluster region protein","Kinase","Nilotinib"
"16421","Tyrosine-protein kinase ABL","Kinase","Nilotinib"
"17721","Breakpoint cluster region protein","Kinase","Nilotinib"
"28781","Stem cell growth factor receptor","Kinase","Nilotinib"
"34181","Tyrosine-protein kinase ABL","Kinase","Nilotinib"
"37131","Platelet-derived growth factor receptor alpha","Kinase","Nilotinib"
"15211","Voltage-gated L-type calcium channel alpha-1C subunit","Ion_Channel","Nimodipine"
"15212","Voltage-gated L-type calcium channel alpha-1C subunit","Ion_Channel","Nitrendipine"
"2850","Voltage-gated L-type calcium channel alpha-1C subunit","Ion_Channel","Nitrendipine"
"31811","Voltage-gated L-type calcium channel alpha-1C subunit","Ion_Channel","Nitrendipine"
"35244","Dopamine D2 receptor","GPCR","Olanzapine"
"32853","Type-1 angiotensin II receptor","GPCR","Olmesartan"
"38324","Beta-2 adrenergic receptor","GPCR","Orciprenaline"
"34610","Mu opioid receptor","GPCR","Oxycodone"
"8309","Kappa opioid receptor","GPCR","Oxycodone"
"129511","Mu opioid receptor","GPCR","Oxycodone"
"213111","Mu opioid receptor","GPCR","Oxycodone"
"24027","Delta opioid receptor","GPCR","Oxycodone"
"303912","Delta opioid receptor","GPCR","Oxycodone"
"319110","Delta opioid receptor","GPCR","Oxycodone"
"371710","Kappa opioid receptor","GPCR","Oxycodone"
"34611","Mu opioid receptor","GPCR","Oxymorphone"
"129512","Mu opioid receptor","GPCR","Oxymorphone"
"13246","Kappa opioid receptor","GPCR","Oxymorphone"
"213112","Mu opioid receptor","GPCR","Oxymorphone"
"24028","Delta opioid receptor","GPCR","Oxymorphone"
"303913","Delta opioid receptor","GPCR","Oxymorphone"
"319111","Delta opioid receptor","GPCR","Oxymorphone"
"31902","Farnesyl diphosphate synthase","Transferases","Pamidronate"
"734","Phosphodiesterase 10A","Hydrolases","Papaverine"
"2173","Phosphodiesterase 10A","Hydrolases","Papaverine"
"3807","Phosphodiesterase 10A","Hydrolases","Papaverine"
"15321","Monoamine oxidase A","Oxidoreductases","Pargyline"
"26391","Monoamine oxidase B","Oxidoreductases","Pargyline"
"7665","Vitamin D receptor","NHR","Paricalcitol"
"10996","Vitamin D receptor","NHR","Paricalcitol"
"26555","Vitamin D receptor","NHR","Paricalcitol"
"1921","Dihydrofolate reductase","Oxidoreductases","Pemetrexed"
"4081","Dihydrofolate reductase","Oxidoreductases","Pemetrexed"
"599","GAR transformylase","Ligases|Transferases","Pemetrexed"
"3393","GAR transformylase","Ligases|Transferases","Pemetrexed"
"3442","GAR transformylase","Ligases|Transferases","Pemetrexed"
"34821","Thymidylate synthase","Transferases","Pemetrexed"
"5932","Purine nucleoside phosphorylase","Transferases","Penciclovir"
"932","Cholecystokinin B receptor","GPCR","Pentagastrin"
"1033","Cholecystokinin B receptor","GPCR","Pentagastrin"
"718","Urokinase-type plasminogen activator","Protease","Pentamidine"
"2704","Trypsin I","Protease","Pentamidine"
"3823","Thrombin","Protease","Pentamidine"
"1951","Sigma opioid receptor","Transporter","Pentazocine"
"213113","Mu opioid receptor","GPCR","Pentazocine"
"2903","Sigma opioid receptor","Transporter","Pentazocine"
"35131","Sigma opioid receptor","Transporter","Pentazocine"
"30354","Angiotensin-converting enzyme","Protease","Perindopril"
"18242","Cytochrome P450 2D6","Oxidoreductases","Perphenazine"
"19841","Cytochrome P450 2D6","Oxidoreductases","Perphenazine"
"21645","Histamine H1 receptor","GPCR","Perphenazine"
"30913","Histamine H1 receptor","GPCR","Perphenazine"
"21646","Histamine H1 receptor","GPCR","Pheniramine"
"22862","Histamine H1 receptor","GPCR","Pheniramine"
"30914","Histamine H1 receptor","GPCR","Pheniramine"
"7813","Acetylcholinesterase","Lipase","Physostigmine"
"8481","Acetylcholinesterase","Lipase","Physostigmine"
"1155","Butyrylcholinesterase","Lipase","Physostigmine"
"19142","Acetylcholinesterase","Lipase","Physostigmine"
"2075","Butyrylcholinesterase","Lipase","Physostigmine"
"3226","Butyrylcholinesterase","Lipase","Physostigmine"
"294","Serine/threonine protein phosphatase 2B catalytic subunit, alpha isoform","Phosphatase","Pimecrolimus"
"1337","Serine/threonine protein phosphatase 2B catalytic subunit, alpha isoform","Phosphatase","Pimecrolimus"
"278","Tyrosine-protein kinase ABL2","Kinase","Ponatinib"
"522","Tyrosine-protein kinase ABL2","Kinase","Ponatinib"
"16422","Tyrosine-protein kinase ABL","Kinase","Ponatinib"
"34182","Tyrosine-protein kinase ABL","Kinase","Ponatinib"
"3646","Tyrosine-protein kinase ABL2","Kinase","Ponatinib"
"3923","Breakpoint cluster region protein","Kinase","Ponatinib"
"39611","Tyrosine-protein kinase ABL","Kinase","Ponatinib"
"1922","Dihydrofolate reductase","Oxidoreductases","Pralatrexate"
"18243","Cytochrome P450 2D6","Oxidoreductases","Prochlorperazine"
"19842","Cytochrome P450 2D6","Oxidoreductases","Prochlorperazine"
"21647","Histamine H1 receptor","GPCR","Prochlorperazine"
"22863","Histamine H1 receptor","GPCR","Prochlorperazine"
"30915","Histamine H1 receptor","GPCR","Prochlorperazine"
"8182","Steroid 5-alpha-reductase 2","Oxidoreductases","Progesterone"
"15042","Steroid 5-alpha-reductase 1","Oxidoreductases","Progesterone"
"1393","Serotonin 2a (5-HT2a) receptor","GPCR","Promazine"
"18244","Cytochrome P450 2D6","Oxidoreductases","Promazine"
"19843","Cytochrome P450 2D6","Oxidoreductases","Promazine"
"21648","Histamine H1 receptor","GPCR","Promazine"
"2474","P-glycoprotein 1","Transporter","Propafenone"
"20662","Beta-1 adrenergic receptor","GPCR","Propranolol"
"1924","Dihydrofolate reductase","Oxidoreductases","Pyrimethamine"
"9044","Angiotensin-converting enzyme","Protease","Quinapril"
"26535","Angiotensin-converting enzyme","Protease","Quinapril"
"30355","Angiotensin-converting enzyme","Protease","Quinapril"
"6632","Estrogen receptor beta","NHR","Raloxifene"
"13252","Estrogen receptor beta","NHR","Raloxifene"
"21792","Estrogen receptor beta","NHR","Raloxifene"
"22192","Estrogen receptor alpha","NHR","Raloxifene"
"23452","Estrogen receptor alpha","NHR","Raloxifene"
"29092","Estrogen receptor alpha","NHR","Raloxifene"
"2552","Thymidylate synthase","Transferases","Raltitrexed"
"17672","Melatonin receptor 1A","GPCR","Ramelteon"
"9045","Angiotensin-converting enzyme","Protease","Ramipril"
"26536","Angiotensin-converting enzyme","Protease","Ramipril"
"30356","Angiotensin-converting enzyme","Protease","Ramipril"
"8293","Serotonin transporter","Transporter","Reboxetine"
"17458","Serotonin transporter","Transporter","Reboxetine"
"19119","Norepinephrine transporter","Transporter","Reboxetine"
"34254","Norepinephrine transporter","Transporter","Reboxetine"
"5252","Adenosine A1 receptor","GPCR","Regadenoson"
"15941","Adenosine A2a receptor","GPCR","Regadenoson"
"25651","Adenosine A1 receptor","GPCR","Regadenoson"
"26752","Adenosine A3 receptor","N/A","Regadenoson"
"348","Serine/threonine-protein kinase B-raf","Kinase","Regorafenib"
"900","Serine/threonine-protein kinase B-raf","Kinase","Regorafenib"
"239","Thromboxane-A synthase","Isomerases","Ridogrel"
"1661","Thromboxane-A synthase","Isomerases","Ridogrel"
"3012","Cannabinoid CB1 receptor","GPCR","Rimonabant"
"9451","Cannabinoid CB1 receptor","GPCR","Rimonabant"
"27881","Cannabinoid CB1 receptor","GPCR","Rimonabant"
"33622","Cannabinoid CB2 receptor","GPCR","Rimonabant"
"34852","Cannabinoid CB2 receptor","GPCR","Rimonabant"
"31903","Farnesyl diphosphate synthase","Transferases","Risedronate"
"5641","Coagulation factor X","Protease","Rivaroxaban"
"21121","Coagulation factor X","Protease","Rivaroxaban"
"28411","Coagulation factor X","Protease","Rivaroxaban"
"7814","Acetylcholinesterase","Lipase","Rivastigmine"
"1414","Serotonin 1d (5-HT1d) receptor","GPCR","Rizatriptan"
"9861","Serotonin 1d (5-HT1d) receptor","GPCR","Rizatriptan"
"1017","Serotonin 1b (5-HT1b) receptor","GPCR","Rizatriptan"
"13462","Serotonin 1b (5-HT1b) receptor","GPCR","Rizatriptan"
"31591","Serotonin 1d (5-HT1d) receptor","GPCR","Rizatriptan"
"32221","Serotonin 1b (5-HT1b) receptor","GPCR","Rizatriptan"
"154","Phosphodiesterase 4B","Hydrolases","Roflumilast"
"382","Phosphodiesterase 4D","Hydrolases","Roflumilast"
"455","Phosphodiesterase 4C","Hydrolases","Roflumilast"
"831","Phosphodiesterase 4A","Hydrolases","Roflumilast"
"858","Phosphodiesterase 4A","Hydrolases","Roflumilast"
"875","Phosphodiesterase 4D","Hydrolases","Roflumilast"
"1876","Phosphodiesterase 4D","Hydrolases","Roflumilast"
"2833","Phosphodiesterase 4A","Hydrolases","Roflumilast"
"2887","Phosphodiesterase 4C","Hydrolases","Roflumilast"
"3218","Phosphodiesterase 4B","Hydrolases","Roflumilast"
"3503","Phosphodiesterase 4C","Hydrolases","Roflumilast"
"3820","Phosphodiesterase 4B","Hydrolases","Roflumilast"
"11862","HMG-CoA reductase","Oxidoreductases","Rosuvastatin"
"19292","HMG-CoA reductase","Oxidoreductases","Rosuvastatin"
"24082","HMG-CoA reductase","Oxidoreductases","Rosuvastatin"
"9432","Dopamine D3 receptor","GPCR","Rotigotine"
"13101","Dopamine D3 receptor","GPCR","Rotigotine"
"29913","Dopamine D2 receptor","GPCR","Rotigotine"
"36314","Dopamine D4 receptor","GPCR","Rotigotine"
"38712","Dopamine D3 receptor","GPCR","Rotigotine"
"358","Histone-lysine N-methyltransferase, H3 lysine-79 specific","Transferases","S.Adenosylmethionine"
"1990","Histone-lysine N-methyltransferase, H3 lysine-79 specific","Transferases","S.Adenosylmethionine"
"2961","S-adenosylmethionine decarboxylase 1","Lyases","S.Adenosylmethionine"
"26985","Beta-2 adrenergic receptor","GPCR","Salbutamol"
"38325","Beta-2 adrenergic receptor","GPCR","Salmeterol"
"18262","Dipeptidyl peptidase IV","Protease","Saxagliptin"
"31122","Dipeptidyl peptidase IV","Protease","Saxagliptin"
"38372","Dipeptidyl peptidase IV","Protease","Saxagliptin"
"1630","HERG","Ion_Channel","Sertindole"
"2043","Serotonin transporter","Transporter","Sertraline"
"6874","Dopamine transporter","Transporter","Sertraline"
"8294","Serotonin transporter","Transporter","Sertraline"
"17459","Serotonin transporter","Transporter","Sertraline"
"191110","Norepinephrine transporter","Transporter","Sertraline"
"25173","Dopamine transporter","Transporter","Sertraline"
"39637","Dopamine transporter","Transporter","Sertraline"
"15701","Phosphodiesterase 5A","Hydrolases","Sildenafil"
"2483","Phosphodiesterase 5A","Hydrolases","Sildenafil"
"2547","Phosphodiesterase 5A","Hydrolases","Sildenafil"
"1121","Alpha-1a adrenergic receptor","GPCR","Silodosin"
"1258","Alpha-1b adrenergic receptor","GPCR","Silodosin"
"2015","Alpha-1a adrenergic receptor","GPCR","Silodosin"
"2047","Alpha-1b adrenergic receptor","GPCR","Silodosin"
"2571","Alpha-1d adrenergic receptor","GPCR","Silodosin"
"33321","Alpha-1d adrenergic receptor","GPCR","Silodosin"
"38741","Alpha-1d adrenergic receptor","GPCR","Silodosin"
"3980","Alpha-1a adrenergic receptor","GPCR","Silodosin"
"1060","Dipeptidyl peptidase VIII","Protease","Sitagliptin"
"18263","Dipeptidyl peptidase IV","Protease","Sitagliptin"
"31123","Dipeptidyl peptidase IV","Protease","Sitagliptin"
"38373","Dipeptidyl peptidase IV","Protease","Sitagliptin"
"6971","Endothelin receptor ET-A","GPCR","Sitaxentan"
"12701","Endothelin receptor ET-A","GPCR","Sitaxentan"
"23031","Endothelin receptor ET-B","GPCR","Sitaxentan"
"32981","Endothelin receptor ET-A","GPCR","Sitaxentan"
"3481","Serine/threonine-protein kinase B-raf","Kinase","Sorafenib"
"22321","Vascular endothelial growth factor receptor 2","Kinase","Sorafenib"
"3650","Serine/threonine-protein kinase RAF","Kinase","Sorafenib"
"3793","Serine/threonine-protein kinase RAF","Kinase","Sorafenib"
"3928","Serine/threonine-protein kinase RAF","Kinase","Sorafenib"
"9046","Angiotensin-converting enzyme","Protease","Spirapril"
"26537","Angiotensin-converting enzyme","Protease","Spirapril"
"30357","Angiotensin-converting enzyme","Protease","Spirapril"
"4931","Carbonic anhydrase VB","Lyases","Sulfanilamide"
"4952","Carbonic anhydrase IX","Lyases","Sulfanilamide"
"600","Carbonic anhydrase VII","Lyases","Sulfanilamide"
"6903","Carbonic anhydrase I","Lyases","Sulfanilamide"
"7365","Carbonic anhydrase I","Lyases","Sulfanilamide"
"7707","Carbonic anhydrase II","Lyases","Sulfanilamide"
"1042","Carbonic anhydrase XIV","Lyases","Sulfanilamide"
"12171","Carbonic anhydrase XII","Lyases","Sulfanilamide"
"12321","Carbonic anhydrase XIII","Lyases","Sulfanilamide"
"14482","Carbonic anhydrase IV","Lyases","Sulfanilamide"
"16002","Carbonic anhydrase VA","Lyases","Sulfanilamide"
"18654","Carbonic anhydrase II","Lyases","Sulfanilamide"
"18822","Carbonic anhydrase IX","Lyases","Sulfanilamide"
"19101","Carbonic anhydrase XIV","Lyases","Sulfanilamide"
"25671","Carbonic anhydrase VI","Lyases","Sulfanilamide"
"2741","Carbonic anhydrase XIV","Lyases","Sulfanilamide"
"30843","Carbonic anhydrase I","Lyases","Sulfanilamide"
"3154","Carbonic anhydrase VII","Lyases","Sulfanilamide"
"3162","Carbonic anhydrase VII","Lyases","Sulfanilamide"
"32351","Carbonic anhydrase VB","Lyases","Sulfanilamide"
"33816","Carbonic anhydrase II","Lyases","Sulfanilamide"
"33841","Carbonic anhydrase VA","Lyases","Sulfanilamide"
"3532","Carbonic anhydrase XIII","Lyases","Sulfanilamide"
"36611","Carbonic anhydrase XII","Lyases","Sulfanilamide"
"37043","Carbonic anhydrase IX","Lyases","Sulfanilamide"
"38951","Carbonic anhydrase XII","Lyases","Sulfanilamide"
"1415","Serotonin 1d (5-HT1d) receptor","GPCR","Sumatriptan"
"9862","Serotonin 1d (5-HT1d) receptor","GPCR","Sumatriptan"
"10171","Serotonin 1b (5-HT1b) receptor","GPCR","Sumatriptan"
"13463","Serotonin 1b (5-HT1b) receptor","GPCR","Sumatriptan"
"31592","Serotonin 1d (5-HT1d) receptor","GPCR","Sumatriptan"
"32222","Serotonin 1b (5-HT1b) receptor","GPCR","Sumatriptan"
"90","Vascular endothelial growth factor receptor 2","Kinase","Sunitinib"
"807","Fibroblast growth factor receptor 1","Kinase","Sunitinib"
"11271","Platelet-derived growth factor receptor beta","Kinase","Sunitinib"
"12361","Platelet-derived growth factor receptor beta","Kinase","Sunitinib"
"18991","Platelet-derived growth factor receptor beta","Kinase","Sunitinib"
"22322","Vascular endothelial growth factor receptor 2","Kinase","Sunitinib"
"2254","Vascular endothelial growth factor receptor 2","Kinase","Sunitinib"
"28782","Stem cell growth factor receptor","Kinase","Sunitinib"
"3509","Vascular endothelial growth factor receptor 3","Kinase","Sunitinib"
"7815","Acetylcholinesterase","Lipase","Tacrine"
"8482","Acetylcholinesterase","Lipase","Tacrine"
"11551","Butyrylcholinesterase","Lipase","Tacrine"
"19143","Acetylcholinesterase","Lipase","Tacrine"
"20751","Butyrylcholinesterase","Lipase","Tacrine"
"32261","Butyrylcholinesterase","Lipase","Tacrine"
"2941","Serine/threonine protein phosphatase 2B catalytic subunit, alpha isoform","Phosphatase","Tacrolimus"
"957","FK506-binding protein 1A","Isomerases","Tacrolimus"
"1137","FK506-binding protein 1A","Isomerases","Tacrolimus"
"13371","Serine/threonine protein phosphatase 2B catalytic subunit, alpha isoform","Phosphatase","Tacrolimus"
"1502","FK506-binding protein 1A","Isomerases","Tacrolimus"
"15702","Phosphodiesterase 5A","Hydrolases","Tadalafil"
"24831","Phosphodiesterase 5A","Hydrolases","Tadalafil"
"25471","Phosphodiesterase 5A","Hydrolases","Tadalafil"
"1147","Retinoic acid receptor alpha","NHR","Tamibarotene"
"16392","Retinoic acid receptor beta","NHR","Tamibarotene"
"32562","Retinoic acid receptor beta","NHR","Tamibarotene"
"29093","Estrogen receptor alpha","NHR","Tamoxifen"
"29233","Type-1 angiotensin II receptor","GPCR","Tasosartan"
"32854","Type-1 angiotensin II receptor","GPCR","Tasosartan"
"34291","Type-1 angiotensin II receptor","GPCR","Tasosartan"
"469","Thymidine kinase, mitochondrial","Kinase","Telbivudine"
"10441","Thymidine kinase, cytosolic","Kinase","Telbivudine"
"32855","Type-1 angiotensin II receptor","GPCR","Telmisartan"
"34292","Type-1 angiotensin II receptor","GPCR","Telmisartan"
"18315","Cytochrome P450 19A1","Oxidoreductases","Testosterone"
"33144","Cytochrome P450 19A1","Oxidoreductases","Testosterone"
"37224","Cytochrome P450 19A1","Oxidoreductases","Testosterone"
"5991","GAR transformylase","Ligases|Transferases","Tetrahydrofolic_acid"
"3155","Transketolase","Transferases","Thiamine"
"3701","Transketolase","Transferases","Thiamine"
"2200","Integrin alpha-V/beta-3","Other","Tirofiban"
"2297","Integrin alpha-IIb","Other","Tirofiban"
"2795","Integrin alpha-V/beta-3","Other","Tirofiban"
"3494","Integrin alpha-V/beta-3","Other","Tirofiban"
"3979","Integrin alpha-IIb","Other","Tirofiban"
"4016","Integrin alpha-IIb","Other","Tirofiban"
"6001","Carbonic anhydrase VII","Lyases","Topiramate"
"7708","Carbonic anhydrase II","Lyases","Topiramate"
"31621","Carbonic anhydrase VII","Lyases","Topiramate"
"2030","Estrogen-related receptor gamma","NHR","Toremifene"
"174510","Serotonin transporter","Transporter","Tramadol"
"191111","Norepinephrine transporter","Transporter","Tramadol"
"9047","Angiotensin-converting enzyme","Protease","Trandolapril"
"26538","Angiotensin-converting enzyme","Protease","Trandolapril"
"30358","Angiotensin-converting enzyme","Protease","Trandolapril"
"820","Lysine-specific histone demethylase 1","Other","Tranylcypromine"
"4105","Glucocorticoid receptor","NHR","Triamcinolone"
"13354","Glucocorticoid receptor","NHR","Triamcinolone"
"13615","Glucocorticoid receptor","NHR","Triamcinolone"
"317","Platelet activating factor receptor","GPCR","Triazolam"
"3786","Platelet activating factor receptor","GPCR","Triazolam"
"18245","Cytochrome P450 2D6","Oxidoreductases","Trifluoperazine"
"18246","Cytochrome P450 2D6","Oxidoreductases","Triflupromazine"
"1925","Dihydrofolate reductase","Oxidoreductases","Trimethoprim"
"4082","Dihydrofolate reductase","Oxidoreductases","Trimethoprim"
"31001","Dihydrofolate reductase","Oxidoreductases","Trimethoprim"
"1926","Dihydrofolate reductase","Oxidoreductases","Trimetrexate"
"4083","Dihydrofolate reductase","Oxidoreductases","Trimetrexate"
"31002","Dihydrofolate reductase","Oxidoreductases","Trimetrexate"
"39451","G-protein coupled bile acid receptor 1","GPCR","Ursodeoxycholic_acid"
"29234","Type-1 angiotensin II receptor","GPCR","Valsartan"
"901","Vascular endothelial growth factor receptor 2","Kinase","Vandetanib"
"2951","Ephrin type-B receptor 4","Kinase","Vandetanib"
"6355","Epidermal growth factor receptor erbB1","Kinase","Vandetanib"
"8071","Fibroblast growth factor receptor 1","Kinase","Vandetanib"
"1735","Vascular endothelial growth factor receptor 3","Kinase","Vandetanib"
"19764","Receptor protein-tyrosine kinase erbB-2","Kinase","Vandetanib"
"22323","Vascular endothelial growth factor receptor 2","Kinase","Vandetanib"
"22541","Vascular endothelial growth factor receptor 2","Kinase","Vandetanib"
"2589","Vascular endothelial growth factor receptor 1","Kinase","Vandetanib"
"2826","Vascular endothelial growth factor receptor 1","Kinase","Vandetanib"
"35091","Vascular endothelial growth factor receptor 3","Kinase","Vandetanib"
"3686","Vascular endothelial growth factor receptor 3","Kinase","Vandetanib"
"37304","Epidermal growth factor receptor erbB1","Kinase","Vandetanib"
"38381","Ephrin type-B receptor 4","Kinase","Vandetanib"
"40404","Epidermal growth factor receptor erbB1","Kinase","Vandetanib"
"15703","Phosphodiesterase 5A","Hydrolases","Vardenafil"
"24832","Phosphodiesterase 5A","Hydrolases","Vardenafil"
"25472","Phosphodiesterase 5A","Hydrolases","Vardenafil"
"2681","Neuronal acetylcholine receptor; alpha3/beta4","Ion_Channel","Varenicline"
"12641","Neuronal acetylcholine receptor protein beta-2 subunit","Ion_Channel","Varenicline"
"1881","Neuronal acetylcholine receptor; alpha4/beta4","Ion_Channel","Varenicline"
"3737","Neuronal acetylcholine receptor; alpha4/beta4","Ion_Channel","Varenicline"
"174511","Serotonin transporter","Transporter","Venlafaxine"
"341","Adenosine A3 receptor","N/A","Vidarabine"
"4571","Adenosine kinase","Kinase","Vidarabine"
"5253","Adenosine A1 receptor","GPCR","Vidarabine"
"15942","Adenosine A2a receptor","GPCR","Vidarabine"
"25652","Adenosine A1 receptor","GPCR","Vidarabine"
"26481","Adenosine A2a receptor","GPCR","Vidarabine"
"26753","Adenosine A3 receptor","N/A","Vidarabine"
"31521","Adenosylhomocysteinase","Hydrolases","Vidarabine"
"31711","Adenosine A2b receptor","GPCR","Vidarabine"
"31731","Adenosine kinase","Kinase","Vidarabine"
"34171","Adenosine A3 receptor","N/A","Vidarabine"
"34452","Adenosine A1 receptor","GPCR","Vidarabine"
"37531","Adenosylhomocysteinase","Hydrolases","Vidarabine"
"18264","Dipeptidyl peptidase IV","Protease","Vildagliptin"
"31124","Dipeptidyl peptidase IV","Protease","Vildagliptin"
"38374","Dipeptidyl peptidase IV","Protease","Vildagliptin"
"23","Histone deacetylase 11","Hydrolases","Vorinostat"
"68","Histone deacetylase 6","Hydrolases","Vorinostat"
"191","Histone deacetylase 3","Hydrolases","Vorinostat"
"386","Histone deacetylase 7","Hydrolases","Vorinostat"
"496","Histone deacetylase 3","Hydrolases","Vorinostat"
"612","Histone deacetylase 9","Hydrolases","Vorinostat"
"653","Histone deacetylase 3","Hydrolases","Vorinostat"
"852","Histone deacetylase 8","Hydrolases","Vorinostat"
"905","Histone deacetylase 9","Hydrolases","Vorinostat"
"964","Histone deacetylase 7","Hydrolases","Vorinostat"
"985","Histone deacetylase 4","Hydrolases","Vorinostat"
"1011","Histone deacetylase 11","Hydrolases","Vorinostat"
"1024","Histone deacetylase 6","Hydrolases","Vorinostat"
"1065","Histone deacetylase 9","Hydrolases","Vorinostat"
"1188","Histone deacetylase 2","Hydrolases","Vorinostat"
"1199","Histone deacetylase 5","Hydrolases","Vorinostat"
"1315","Histone deacetylase 2","Hydrolases","Vorinostat"
"1539","Histone deacetylase 1","Hydrolases","Vorinostat"
"1687","Peroxisome proliferator-activated receptor gamma/Nuclear receptor corepressor 2","Other","Vorinostat"
"2032","Histone deacetylase 10","Hydrolases","Vorinostat"
"2139","Histone deacetylase 1","Hydrolases","Vorinostat"
"2273","Histone deacetylase 6","Hydrolases","Vorinostat"
"2314","Histone deacetylase 5","Hydrolases","Vorinostat"
"2857","Histone deacetylase 5","Hydrolases","Vorinostat"
"29111","Histone deacetylase 10","Hydrolases","Vorinostat"
"2922","Histone deacetylase 11","Hydrolases","Vorinostat"
"3444","Histone deacetylase 1","Hydrolases","Vorinostat"
"3507","Peroxisome proliferator-activated receptor gamma/Nuclear receptor corepressor 2","Other","Vorinostat"
"3578","Histone deacetylase 8","Hydrolases","Vorinostat"
"3611","Histone deacetylase 7","Hydrolases","Vorinostat"
"3669","Histone deacetylase 4","Hydrolases","Vorinostat"
"3840","Histone deacetylase 2","Hydrolases","Vorinostat"
"3868","Histone deacetylase 4","Hydrolases","Vorinostat"
"1416","Serotonin 1d (5-HT1d) receptor","GPCR","Xylometazoline"
"10172","Serotonin 1b (5-HT1b) receptor","GPCR","Xylometazoline"
"5491","Alpha-2a adrenergic receptor","GPCR","Yohimbine"
"1365","Alpha-2c adrenergic receptor","GPCR","Yohimbine"
"3614","Alpha-2c adrenergic receptor","GPCR","Yohimbine"
"10442","Thymidine kinase, cytosolic","Kinase","Zidovudine"
"836","Arachidonate 5-lipoxygenase","Oxidoreductases","Zileuton"
"1417","Serotonin 1d (5-HT1d) receptor","GPCR","Zolmitriptan"
"9863","Serotonin 1d (5-HT1d) receptor","GPCR","Zolmitriptan"
"10173","Serotonin 1b (5-HT1b) receptor","GPCR","Zolmitriptan"
"13464","Serotonin 1b (5-HT1b) receptor","GPCR","Zolmitriptan"
"31593","Serotonin 1d (5-HT1d) receptor","GPCR","Zolmitriptan"
"32223","Serotonin 1b (5-HT1b) receptor","GPCR","Zolmitriptan"
"31991","GABA receptor beta-2 subunit","Ion_Channel","Zolpidem"
